Fe1,Fe2,Fe3,Fe4,Fe5,Fe6,Fe7,Fe8,Fe9,Fe10,Fe11,Fe12,Target
13.481516705191297,-31.85135516915197,-4.851970347163047,-8.321583025820473,-1.463108562101742,-8.099984933421117,-2.326285194874043,-1.5407704067086057,-0.5518685647250092,-1.7848546485189452,-0.7938028286488391,-0.9329789910464724,0.0
11.71569685272732,-28.04341280044024,-5.141512130569673,-8.432868187946127,-3.335683324362916,-9.39234273164796,-0.3099202512828504,0.044391637086377,-0.1280581612548161,-1.8532253994745087,-2.570185099405206,0.1336724716145637,1.0
10.451600019436254,-28.5798996196929,-6.451272329641774,-8.095307211984577,-0.4064142565016835,-7.30760722431298,-0.1746534189660052,-2.25200412217735,-5.029071950534449,-4.699203259965035,-2.3785849615795405,-0.5386921580670773,2.0
9.939052194162985,-30.662863355855592,-5.725287538481023,-10.543627319086012,-6.202145794240771,-11.700844409499377,-2.4409366069108254,-0.5547143274176626,1.2476070834473902,1.10056049600412,-0.910359832544686,-2.1379006885169014,3.0
10.609325125298342,-28.95322260700115,-10.035023554879304,-11.681133968138909,-3.977334693837913,-10.565003330448436,0.9584298998336012,1.6693586340846809,-1.7819167369611977,-1.4037162537616654,1.190148775350487,1.476161447638371,4.0
11.472921744161118,-27.502232042855788,-8.447941664120577,-8.03420560818217,-0.2443316536762333,-8.956637941355691,-0.481481602679252,-1.2232666931283287,-2.800208278940896,-3.843630486156274,-3.362443678874627,-0.899208068699796,5.0
14.652252489464349,-32.16118089486677,-11.078513455685169,-1.936704699711292,-0.8733638384138422,-11.742446506472618,5.718356785971122,-2.55109799346339,-5.642172571422886,1.2282613996677638,-1.2732293194958415,-0.614284755140525,6.0
10.516204829607306,-29.08452483931027,-9.570402107844869,-10.956931881011515,-2.37891930578659,-8.763068296808635,-0.2303342855858956,-2.83168944493682,-4.660778726487522,-1.167213707995226,2.887997549199381,2.6485792393977543,7.0
13.67059143500562,-25.18153003357532,-4.722859369878732,-3.895455782161796,1.223785513687858,-9.09193085550762,-2.4807099474967265,-7.6353103923211,-8.52922646971455,-2.9218493211293257,-0.881804010476034,0.2054788084958967,8.0
11.699487424234407,-26.21101683863757,-10.890271704694545,-8.181534618640102,1.1752081918795405,-9.427393121206157,0.8814833698428995,-1.921828762168858,-5.264608766894673,-2.335015296802882,-0.9184956742174064,1.161192605420539,9.0
11.091830865853373,-30.936506550083827,-6.154438090373627,-9.604844565549945,-3.083028498782965,-11.167977123482752,-4.057480114349636,-2.241420137584748,-1.1844672626658643,-2.344073661657958,-1.3059775056188083,0.1021139910337476,0.0
11.277809674312328,-28.892744796968667,-7.668982388733356,-9.9699636010675,-4.205181337738499,-10.362863448373028,1.60094980900865,2.2463616943752025,1.293289060046322,-0.1615682928924252,-1.4221358194353586,1.1064698188753956,1.0
10.921295958423643,-30.125932690898463,-5.728613402408124,-7.559651911169676,0.2028328921608501,-6.659114821242468,0.3704563243921395,0.2915440877879168,-3.130420315720071,-4.691610166207816,-1.1174668359910511,0.9254045615696228,2.0
11.278224998699486,-32.81980319753449,-4.901626600797737,-9.152497489765384,-4.068511276744051,-10.060834575667124,-1.3407344055263448,1.0794466420286724,2.171337897921168,1.4162089409692062,1.2989769296546416,-0.3458723814772728,3.0
10.339412004753886,-32.13196031669334,-10.746988637964836,-13.572942367770874,-6.651959898949026,-12.424814762108465,1.382721061190319,2.203183521249441,-2.319131651246166,-3.065799047573217,-0.6545621985190095,0.6350953481061976,4.0
11.903314204692167,-31.416460844026687,-8.903934352560498,-10.476663207952727,-1.0375116856375943,-7.819417520415861,-0.728753655421373,-0.766741501934476,-1.949232182827362,-4.223193915417348,-3.728114624992701,0.2046086118378265,5.0
15.494539229499916,-33.99587719871532,-10.874349719955829,-1.1836273930116852,0.0712895227077945,-11.322926849263403,6.678206069341072,-0.6147312484438802,-4.664238493044497,0.7186365027417667,-2.4977463304547403,-1.1922779195381583,6.0
11.11947020394868,-31.063801366120305,-8.342932535670643,-9.864570431403674,-1.2898143800025257,-7.408718732045949,-0.5679139369890605,-3.215242113814776,-4.291820257548803,-2.317557669233856,-0.1027699872550757,-0.013994407728464,7.0
13.542876513220792,-27.152183900226493,-3.6036072983807466,-3.998811846645748,1.3759935442195623,-8.054040938209836,0.0560334197367932,-3.0994538214927574,-5.842067942111168,-3.7175664533649297,-4.431858620115189,-2.2840888859427326,8.0
11.88493499886349,-27.59878909609586,-10.813028389784,-9.203512378333649,-0.7085913409045385,-10.328711727900007,0.6160704735783358,-0.569813445517166,-4.505812542250982,-3.677763563155157,-1.711484954044899,0.6642267207774456,9.0
12.11542548359628,-30.30560935960457,-4.938962592824068,-8.031293861919188,-2.1000367608858563,-11.47164640790095,-3.955167302261655,-2.966410988572656,-3.447542516272711,-3.045089306446269,-0.652583276196983,-0.5915955822869763,0.0
11.394502275697032,-31.958038749832344,-7.298862163691873,-11.198734066940014,-5.112573560347802,-10.491844147313335,-0.9357301958481206,-0.022440701312875,-0.2607843623704481,-2.625441145846598,-1.9379261075332617,1.05013643824017,1.0
12.271519894880392,-29.418245199330187,-5.887736940694452,-7.712886436923663,-1.0324164821577977,-7.947702012876122,-1.0755196456951537,-2.353313801699764,-5.721977205703298,-7.003741667734884,-4.656883736167251,-1.6262891515644626,2.0
9.674375395639498,-32.29817618000851,-8.772181542165768,-13.106252683507424,-6.176553781311591,-10.499914276251376,-1.005127717907083,0.7876976981657616,2.287825744476635,0.9114518942629516,-1.183390002138645,-1.5711819085747698,3.0
9.670997495324087,-28.24915683655044,-10.893435091775093,-11.845684639924846,-5.282534992399078,-12.44244151844724,1.5103038694167992,1.2379479648523863,-3.3006860705976417,-2.661604887077225,-0.4133935661088073,0.8331662313362374,4.0
12.93733692336823,-30.85792463465604,-10.145480933641652,-11.68870564263448,-0.1186739671522761,-7.854872532738709,-1.102593231272673,0.8514449867849424,1.0194764610468932,-1.7582611107957082,-1.778075969301662,-0.1033548798201224,5.0
16.109997203709746,-32.478532044733655,-7.877727317024017,-3.274197450737012,-1.7280175280770254,-9.873276076185409,4.210094942559776,-1.4055820335686695,-2.067598558147647,2.4087140540280187,-1.967704118474431,-2.2696765073591587,6.0
11.76695995997376,-30.75763201812,-7.941924496973538,-9.664575394880153,-2.030547465085088,-10.383501051282702,-1.972436700062376,-3.127463828194688,-3.972331175617948,-0.1679371482380973,2.4846994821065365,0.5959003794542073,7.0
13.642933433845402,-30.84411709447978,-6.28722125466037,-5.548542572389817,-0.0685072757109704,-8.33146992162366,0.173915299948112,-1.6935867040613026,-1.1282770847370838,-0.5134992544133092,-1.6421890198301186,-2.908578945002927,8.0
12.227762394415526,-27.1010344898426,-11.30146932713198,-7.613196467397187,1.1264830745398309,-8.63236984205381,1.859600210142853,-1.3524459282615064,-3.764053863632805,-2.9667350789735463,-3.4583291113800847,-0.3862327821007763,9.0
10.800271343716432,-20.630135781844952,-8.539365943367452,-6.311812487425064,-1.2473465184615775,-13.717231625235026,-2.56686389766442,-2.047488551619518,-1.9000963679920049,-0.8126373711109182,-1.0169852271334658,1.447784101394474,0.0
10.844046423011044,-26.64773929564326,-6.219956579683971,-8.978893229659496,-2.6143836740470747,-8.138986400305367,2.004816447196516,1.9203491423337904,1.2585919208913514,-0.0642099670452536,-1.696037616324263,-0.1744326652859706,1.0
11.04416356380766,-32.986316127484486,-6.976530049729678,-9.97541894849622,-1.8232664629517044,-7.336536236940163,-1.3026302779481171,-2.9384048652530965,-4.327096361995592,-5.227980557397557,-3.093191711523396,-1.5014455830679572,2.0
10.74484882986474,-30.473746623386827,-6.051111879892866,-9.827372159424424,-3.6625996646447465,-9.226956284795785,-0.5264524557907752,0.8311221940002811,-0.0221329726010283,-1.1010004640117028,-1.2667551796293652,-3.68532324683459,3.0
11.4114660362552,-31.588940539444447,-10.33709074902864,-14.05715179433614,-5.801857272761891,-11.402536449283115,0.6318644628634021,1.5576225447491094,-2.881052112297404,-3.259280833844248,0.1021066405356465,1.3617340065419967,4.0
12.76512333462762,-31.48598341276824,-9.467723173659891,-10.631431583919923,-1.657496381931218,-9.54378466896328,-0.3227585178433021,1.0689065460728482,0.0007226978666568,-2.550363894644753,-2.5645085236392497,-0.7204529943840154,5.0
16.55363441979023,-32.69516097416346,-10.950675287411936,-2.848709577961438,1.7857220514081666,-9.995704428971967,5.699535079040842,0.9540086090633324,-5.14324130863672,0.8667063294560847,1.1816566166734193,-0.7902495481599349,6.0
10.910661306089672,-32.35492730231941,-8.448716790422774,-12.194266028473066,-4.0970788905232025,-9.700626318756246,-1.3579108106630629,-3.0329237059096013,-4.444668792661085,-1.972401960539537,1.43986683142508,0.6000645269776193,7.0
12.670757828733729,-30.943735452148488,-7.550541223735613,-6.97011591524856,-0.9955187738723422,-8.599217470566908,-0.4089302787911451,-3.4967093605639903,-3.7777967744342345,-1.600816131591536,-1.3954518930781816,-2.8250700118497494,8.0
11.359580753318497,-28.817382305372515,-12.713851813091951,-11.095691706184288,-0.3014798836691837,-10.030432102520551,0.1868832049001301,-1.4856389408606907,-3.340048275317256,-1.921520087394898,-1.350623517923873,0.8885643036325707,9.0
12.184104270625843,-23.82884960717976,-3.711802522266555,-5.267016802303355,0.5332808864216402,-11.158556959212625,-3.951717756340397,-2.2411084436650177,-4.14913357062479,-2.6925620493709124,0.2044056784537019,0.0528840240072272,0.0
11.064785019901146,-30.45008426834687,-7.291075248510228,-11.269009746929411,-4.243478896744004,-9.009469665373002,-0.4480655495111191,0.1031542792527059,-1.7235633719865209,-4.929440017541846,-3.6065977817604975,-0.0428702527053199,1.0
10.687208561445804,-32.80850952776764,-6.193644392234814,-9.584228029125798,-1.7245872481179794,-7.685427376366828,-1.925280335236769,-3.0014246199047943,-4.933423460015274,-5.966954616557624,-2.679230673199116,-0.3923757494878077,2.0
11.028495653777368,-34.0104174886478,-7.901819881605757,-11.021037519842642,-4.539768072578656,-10.946372139068613,-1.3236955784557265,0.7744782723307828,1.3173413876949909,-0.6134279874172215,-0.5365480116533607,-1.2195943886635068,3.0
9.755666911444628,-30.53475786405729,-12.296675728384038,-14.29673825129256,-5.436911386886203,-11.753936904041106,0.8203088932729626,1.4444423191871685,-2.841020765886193,-2.929245618328281,0.7896169618805493,2.4371540577327337,4.0
11.973342934998191,-29.4907987408929,-8.704135941940248,-10.08140677889484,-1.4948938519366453,-9.129568083166273,-2.248134100383522,-1.8716259878904296,-2.905790652456229,-4.021508619382415,-3.0696492731796496,0.617856958782221,5.0
15.102444270960357,-31.62681240037288,-11.190851929264737,-1.1271341011985134,-1.3712056699252009,-10.582536446273782,6.642805790297213,-1.941623150185368,-3.2393338293662035,3.5322751924493816,-2.006692748732942,-1.524509148203466,6.0
12.06146602045235,-28.99881225910882,-6.362945194929259,-8.016742018910769,-2.264251018550139,-9.987708127119678,-2.532119355714678,-5.655280409692256,-6.182142501126133,-1.660007755165865,0.161845090089388,-0.1336205732680962,7.0
13.341131239785293,-26.29678782725373,-6.6990063750127975,-4.730547230012133,1.8697766313039617,-8.070467019309365,1.0596099149840854,-3.223023251571249,-7.225737083519738,-2.7932460929250884,-1.6447091032445036,-1.6356427044515065,8.0
11.493901630298224,-24.139928818632733,-13.390340523210211,-10.351911817091812,0.5870727678330233,-10.60395725768366,-1.6965643859003643,-2.6050673563671607,-5.977031244311696,-4.267733096704254,-2.075086700064808,0.5951079722757795,9.0
11.048847741716338,-25.434968987708665,-6.687555695970021,-5.49809709769859,-2.888751402743335,-13.002909817598798,-2.2600306180871104,-4.66479822572149,-3.9765078115968215,-1.9028572217755155,-3.0459764566427903,0.2777930693735774,0.0
11.375009458198832,-28.762426340308654,-8.010233121241754,-11.531437521923383,-4.928456660744288,-10.709704567278788,-1.1776399906704913,1.2361983309135136,-0.4046636510203213,-3.819262586155087,-3.3002457903086824,-0.3465427951744051,1.0
11.6034211016487,-33.49670003978389,-6.029116791869567,-8.856183831762017,-1.94394644758559,-7.349788187555018,-1.187910491230138,-3.057313640741357,-4.123728340000681,-3.940496531812309,-0.9902458687225866,-0.4103488826069707,2.0
10.93800034564818,-30.546395462948297,-7.519721985087838,-10.850535131687394,-5.539897972545037,-11.89402362549533,-2.202916410722253,-0.873280526732053,0.8766049898024109,0.6921229669313063,-0.9674791797352744,-0.5758736195188054,3.0
10.970210503805513,-31.76465397450938,-9.971971698130602,-13.261099266923472,-5.523868920561195,-11.228807876873466,0.2535003629778225,0.1985425783207148,-3.5505854151800884,-4.156311886553669,-0.3064165570396653,2.385052509284188,4.0
12.303391239587771,-28.262750332745675,-10.217746496973684,-8.230587693890383,-1.0192315072827056,-9.910852523417992,2.479890520287143,0.9467729823239664,-0.486767773857647,-0.4907177001334182,-2.6547567947251265,0.9595234831805294,5.0
14.949027400934655,-31.87667385348846,-12.409411105255495,-1.9770307130067344,-1.999018622187443,-12.120000222518486,6.133871942218327,-2.8667581888987854,-4.578589495596495,2.0130985636009053,-1.6323718630807715,1.3107172620801053,6.0
11.210108822247024,-32.835796822332114,-9.211870025559298,-11.121771210438778,-4.036124774618971,-9.464309376210938,-0.995586116882056,-4.423135531403869,-4.330640963086342,-2.1872795334625814,-1.161036418364663,0.4420106634302246,7.0
13.578682068538852,-27.08469865330897,-4.346435019888219,-2.3469481712098488,3.66574092650467,-6.126579249179624,0.9292641197118487,-3.217569161103501,-4.188883679239007,-1.2673319223927395,-2.3559236483556507,-2.581947134614877,8.0
11.723071063598866,-24.3605664502577,-11.802335106105303,-8.523925199618212,2.4378396333285384,-9.054373499591362,-0.2062396256853677,-1.7043450739045458,-5.818667721917006,-3.1851335898193622,-2.2363021358838626,-1.543656088327607,9.0
11.847427579891914,-27.18501381333512,-3.9874316368351774,-7.089178381949175,-2.12411452899672,-11.122596414019808,-3.882898744073321,-3.404010366788438,-2.688463404802958,-2.4233492253016906,-0.908922482772116,0.8023758386398336,0.0
12.75733753432351,-30.96295362399921,-8.005723362915637,-11.918193416232352,-5.149972201087254,-10.493726710573132,-0.1523194352730817,0.2885663142544806,-0.4075689760715592,-2.5165699098511176,-2.38491384538414,-0.2384320138289129,1.0
10.740538822193557,-34.21886218564674,-5.286230921312002,-8.937832710780697,-2.0868009500744145,-8.057357076027712,-1.9461251497642715,-2.052125944123928,-3.65576644183904,-5.164941390866766,-1.883771208157369,-0.1129198029838429,2.0
11.008923418830832,-32.21872866060699,-6.763714562672304,-11.597832025144712,-5.304813952478884,-9.365383921331691,-1.2145963877211217,0.6769171953724294,1.7127591289504018,0.1014383314527587,0.1702789706943523,-0.3393093989121123,3.0
11.415505217440264,-31.050671994564443,-9.814705726784222,-12.012250483947536,-5.778270602691012,-11.842602292068936,0.91241535852261,0.624835909763045,-2.0572607068882185,-1.90244298305047,0.2334083029032862,1.40925365685049,4.0
12.365020684761436,-30.345646318945445,-9.490396501406472,-9.979348907926989,-1.393447845449714,-8.431205002751218,0.2500790387275833,-0.5059300218326432,-1.649458607099206,-2.8675876740839032,-1.849393654590225,1.6057508580211015,5.0
14.503360568544066,-28.00010436777423,-10.608360226135424,3.2943094327560054,1.4384156454177,-11.93348688400975,5.940593215884674,-4.62410564140575,-7.063307793014845,0.9225582816656872,-4.056466406949417,-1.3012435184995794,6.0
12.203200361285758,-28.102324081114045,-7.74101868255903,-8.61886671062242,0.4644677787957955,-6.303507722334583,0.5476269423716441,-2.9125134038132257,-5.276984083136035,-3.0672426345923136,-1.8290721632912603,-2.2099019743970705,7.0
13.15095173149098,-28.42385028525412,-6.919967462884719,-6.75787888427668,1.3729883260143918,-6.872646854440535,0.2039325134571681,-2.9783774544464423,-4.70156280660305,-3.283394825570925,-2.6725408502957744,-1.6195334207096437,8.0
12.321667543873724,-26.25857360033787,-11.48954341290616,-7.795987125828656,1.809143180754794,-8.552904396806978,1.6662387579017974,-2.351795515127373,-6.113643535153025,-3.311298452441914,-2.786201245495945,-0.158008558264103,9.0
11.972236204393788,-27.524643495053567,-6.728831757261632,-7.638507341832474,-0.6386354182517258,-10.737602560454508,-2.3464059607745806,-3.4482301559042168,-5.0202170143197735,-3.5003148845575827,-2.118489234725525,-0.1481369293725048,0.0
11.956672896215206,-25.851351286956533,-8.06178541700188,-11.80544047068091,-2.199878106592888,-6.621214918236809,1.8391067547748927,1.1630127781716717,0.9896695124471734,1.2038511570436958,-0.0912696856890651,0.8474455219579147,1.0
11.148745126796706,-26.439139803716216,-7.694772434874845,-8.943864246286326,3.303192945917208,-2.143350377309233,2.4046241069496883,0.7803113254963628,-2.7940202978023216,-2.7500787605753136,0.6070681369832575,-0.2235319086972325,2.0
11.06609557808498,-30.502482964269465,-8.483778699286287,-13.273292114221173,-5.795235940911428,-8.443388128485736,2.7328711165002875,2.514018919448673,2.3756581775336687,2.5222875129893443,1.2116886039318395,0.7478858445787205,3.0
11.12693001793303,-26.43618810261038,-11.585411104843866,-11.443754582336314,-3.830451657604391,-10.331142933933096,4.6451856748164975,1.8837896998101724,-3.828845065613416,-2.074958687491397,-0.4343179859285859,0.990698682488994,4.0
12.615715361449706,-27.84040066420061,-7.851163175999466,-9.196635490521922,1.121267637516775,-6.728288525285307,-0.0959277229974427,2.155483492599155,1.4507194512270256,-1.2062489405673262,-1.1747290149640226,1.1677913482794815,5.0
15.8411598207031,-31.777489548839853,-11.35954928849134,-2.1478023830591937,1.112713416695143,-9.375584727419623,6.738143855125927,-0.9707413667045164,-4.484533805638551,2.313574097968229,-0.7108930540973223,-2.3661180142661657,6.0
11.56865002839588,-30.001345705980462,-9.507413407081517,-9.871644996645156,-1.306963995350509,-8.034448610227333,0.5623236282522972,-3.5024916254608267,-4.740345975872618,0.606281165983651,4.066677542378548,2.919446224467664,7.0
13.19616608160108,-25.625892105051044,-7.947817621918141,-6.220402571401871,2.7013799690178213,-6.224584416559099,1.7072133947724644,-2.3154119945035627,-5.48909697629926,-0.1639383714826285,1.7427775238008405,0.4797845752361586,8.0
12.23937351163333,-23.53056622214937,-12.67702202758686,-7.963186637257084,2.359954240261871,-10.0091605299668,1.208772126541998,0.5547240929190922,-5.413483560195808,-1.936742553524846,1.1075516456028331,0.9059102782341036,9.0
11.041364732412912,-27.25127151783037,-6.150168043163141,-7.223767538168516,-1.0852587315102742,-11.309672107144053,-3.607335859040783,-2.9532251028247307,-2.2667467947216733,-0.836055021389584,0.8050981415138221,1.0323176472399362,0.0
12.189171997596354,-29.38988862884085,-6.782748257277135,-9.97929064646688,-3.1506368955683604,-8.281973547248198,0.0842922256912706,2.582388960358061,2.5283987374633825,0.2765957062031768,0.3121626174385429,1.5425016248721009,1.0
10.8024445297559,-30.11128266553443,-6.222615555065987,-8.661126778667423,-0.9056091582850158,-7.22691985011673,-0.3597122935142169,0.0126442878120825,-2.10206304630598,-3.1112487629978864,1.169369972273389,2.3730672150914445,2.0
11.232223165325976,-32.07169822138413,-6.477470336095832,-10.38130935926837,-4.336284652073891,-9.352361794535726,-0.7174963248340989,2.1173249136842003,3.98823618042357,2.321843875312112,1.9574574534399247,1.193935879111885,3.0
11.84345194499656,-28.25333522651612,-9.394430255627626,-11.12448460744667,-2.4123254789481576,-9.983952358792568,1.2491863396891774,3.0691849938722635,-1.6789286644048196,-1.52078418432382,4.207233916725844,3.423982849079298,4.0
12.768588746805158,-28.603995978753623,-8.734832844844295,-10.2288902754712,0.466113924794274,-6.799396243535819,-0.1170183559443223,1.865914822717834,1.4221501131970704,-1.3389078275255455,-1.401449906597518,1.2422069738210326,5.0
14.390086927054236,-33.60523404227047,-11.791140148509175,-2.613409053158841,-0.3875139844867919,-10.990360394052956,5.534630002027027,-2.160071344819156,-5.739664257161301,0.9708916372913604,-2.1563885489411176,-1.2216581126811146,6.0
12.042107285354836,-28.57153345714961,-8.479834310875194,-9.42229830256627,-0.786197208092818,-7.111246475768327,0.8067427052915548,-2.9456487087277257,-3.002890733437148,1.224165718510971,3.9511376230277713,3.5071364764693813,7.0
12.624223962164113,-27.950050427627904,-7.756930435797706,-7.294049869630889,1.6705563168284376,-6.284879342880092,0.2755843052228813,-1.4965506131786543,-1.873460421200257,-0.529466436571537,-0.3874836218295321,1.0522361029539846,8.0
12.609168344464488,-24.54243819544909,-11.419726123105145,-7.780095631918895,1.5679788586507273,-8.424153504170672,2.65948946501092,0.1575929812559632,-2.5838674910264974,0.7769250836581377,1.1381124633634228,3.001708857769692,9.0
11.660144785276012,-23.42131298889696,-3.8035211526359856,-3.9733756161255305,0.4609706291544224,-11.589188445647515,-2.4100004127212955,-1.4799570778698443,-2.822373296208597,-1.0911257140951147,0.651665035218945,0.5946135209829523,0.0
11.236534010341924,-29.062474907065084,-6.924032741572366,-9.793796429040205,-2.1465154238602544,-7.748719730100167,0.4662777513181391,2.727918602180824,1.8343922724404824,-1.6352054664664872,-1.4493896352789792,0.7785573651977679,1.0
11.298282741114438,-30.17536285408725,-5.904297246380518,-7.528268892058291,-0.5326866228427898,-7.80392831081379,-0.8158647425109172,-1.9049484349635624,-2.722746868808392,-3.191013491768616,-0.7194580564381079,1.4865085794844075,2.0
11.618536664751032,-29.8391188967544,-5.5960876626792855,-10.080161800002276,-4.787606278686935,-9.9318680403902,-0.1629600568120187,2.113608281501116,2.8122979491418363,1.5633959070146637,0.8656816270274778,-0.9496297672917646,3.0
11.942577274688844,-25.425348560949235,-9.825920683441677,-11.299338458446025,-2.1419464807611988,-8.729992852044132,3.3907090398555235,4.592668679384468,0.1216824782117767,-1.13407823277438,1.8743797900967407,2.5408001117960226,4.0
12.733334965000514,-27.541220858275107,-7.11439573002152,-9.362104903704395,0.2180884521446946,-6.508431046970276,-0.2778059627229223,1.0377801331125802,1.1399528217349248,-0.1296550082925527,-1.10379773728008,-0.6464218734170676,5.0
16.820994642144306,-33.68673007579515,-9.175458297996586,-3.778182662108626,0.1515907628835115,-8.803054637255636,4.601940796519438,0.0897328870083196,-0.6290899896227938,3.686649627578432,0.4256487288479694,0.1656602712662184,6.0
13.150147669336905,-28.87549951211689,-7.272279116086772,-8.182565767180414,-1.0252744032316343,-7.4305501059211,1.6588856130363343,-1.1249948066059394,-1.3920541631056025,2.210146518791596,3.66494900759372,2.737222982483415,7.0
13.167820583293098,-28.9511888072864,-6.832217277645216,-6.027047394205783,2.471458555557439,-5.5774057395897145,1.940315793378619,-0.8363110516063442,-3.7136750732083503,-2.770585884439253,-2.110612914034009,-0.9547584088739208,8.0
12.46131448799073,-23.76878095739563,-11.697930492502085,-7.995459732387322,1.4107325419576346,-8.911735820972781,3.125608663957322,0.3663662889493034,-2.9213222897489595,0.7860469651243983,0.9907218507772628,1.8385003898866727,9.0
11.291045107077691,-28.759466639649425,-5.225948294865479,-7.35361597614043,-1.8718751629393848,-11.246906451702344,-3.365039131133268,-2.3263295089319462,-1.8793557133326595,-0.8767528276928569,-0.1734831056190901,-0.1130810050940547,0.0
11.231309220863574,-34.05339893838731,-5.943693908101605,-10.609901224888045,-5.42324780398306,-10.577841876625389,-2.1405562656014943,-0.0073345638478441,0.8873430970654342,0.4864120757858815,1.8572315670481416,1.0687710518769762,1.0
11.029335563407264,-31.90165051982425,-5.998107750854151,-8.824786393994447,-2.1627814595210464,-7.61978354608596,0.1490676079318161,-0.7549404916512564,-1.93722975556976,-2.29924227122349,-0.5260567338206079,1.235040954347098,2.0
10.255886637211969,-30.92658019247783,-6.0417246655792205,-10.133521380324073,-5.443983003682516,-11.313750484631637,-1.1622509733185709,1.3143107633060007,3.264866073677836,2.7982801905198462,2.52825596646829,1.189464944332288,3.0
11.93600830210377,-32.87944046761412,-9.04608029149268,-12.125922481186358,-3.795866649994369,-9.401647792603695,0.9529333204802272,2.825601347188432,-0.7683313561416364,-2.90179807972952,1.7152573160475908,4.0561959891722825,4.0
11.949926921549912,-32.383118389145544,-8.900806330969871,-11.900940496954048,-2.413251373591824,-8.717862128980146,-1.979675784551518,0.9084519798821528,0.6325410776916648,-2.539740629394347,-0.2245100576747781,1.1240205021948106,5.0
17.49738702792789,-36.15111538534501,-10.504646155798094,-7.915702314058998,-1.6129581330955105,-10.701322536026137,1.183619141898517,-0.5189148747415139,-3.034867816643483,0.9170358124765834,2.0705813647630658,0.3313219952542666,6.0
10.969294839103616,-33.830138926323976,-8.612386629567387,-12.350160851303476,-2.643501005416615,-7.640114026918427,-0.3957112203934631,-0.5765021547832666,-1.737397421305847,-1.478280956283439,1.3358845219272892,0.7227691927853137,7.0
11.995645003150887,-30.56826936404372,-6.368139624076781,-6.86675601072488,-0.7305020118596849,-8.51360966374686,-0.3091221012597794,-1.4622871167013944,-2.249806341590649,0.1189183366183431,2.0073848382796804,0.6863270570620945,8.0
11.992638907671363,-26.92444683858685,-10.277281288018033,-8.707531038134203,-0.851457368623316,-10.26785277530462,0.6548961947661417,-1.1300052067359527,-4.869383582462486,-1.1269691862305542,0.7168637993832121,1.3927452101847928,9.0
11.074494310589271,-25.040073232696155,-5.694594824666422,-6.74321935345678,-2.809889800593256,-13.91527897103838,-4.428969661068622,-2.2537590416699382,0.3755362097434019,1.7670736559995446,1.1467295612594612,1.9915404060990909,0.0
10.435911744821064,-33.57447740151694,-7.045949582281201,-12.30570383591265,-4.68253932863763,-8.919844506049735,-1.2695096372899628,1.0038703180378286,1.0537969520243389,-3.297832258680545,-3.2924625180852938,-1.256936210284242,1.0
11.769661565363084,-31.78288817395645,-6.104511501724094,-7.869564813417997,-0.7901464057689914,-6.8508654703327725,-0.0674229407110129,-1.1070086895705635,-1.620924244923792,-2.067814676844196,-0.2749814469487988,0.9930457523902696,2.0
9.792522257094149,-33.07883740024341,-6.730474033563132,-11.872777679450728,-6.369294764212315,-11.36791017406331,-1.6612910183133662,0.7252456637127588,2.979191712322733,2.757923569470356,1.504208901932829,-0.0326388441989897,3.0
10.408163142277845,-30.870080351812494,-8.566067156961102,-11.88692814365891,-5.077323555671913,-11.6204389927979,-0.4090586468639605,2.608370369967323,0.3402335291497722,0.5111397073376631,4.177589470892522,2.68470165416298,4.0
12.110497517895825,-31.76883209200685,-8.806666887832508,-11.293128521325636,-1.316289321322461,-7.365442666960301,-1.1745635174052336,1.1611890893705663,0.2062275334480435,-2.850066982597398,-1.2845714881070147,0.7083860055190401,5.0
13.54229276691458,-33.27179810639756,-12.022429995518586,-4.8409072016562575,-1.952939030942617,-12.399068912298604,2.327123914851738,-2.13199307830893,-3.261012189058808,1.021812698714094,-0.2871985720138384,0.5250207969473888,6.0
11.851007309754758,-32.54974171089741,-7.778107628562392,-11.748117576332891,-3.4256105720926087,-9.4050280528315,-2.896132859045442,-2.0336192782146107,-2.050373915645645,-1.0252893557157476,2.511157374276632,1.9596029441270912,7.0
11.705359421202582,-28.96755006462949,-7.042432068229737,-6.559127711736388,-0.1843512735428547,-8.06094218445375,0.5751036815120352,-2.107708380538017,-3.3465635152197235,-1.4417917231468167,-1.622111865113662,-1.1252056039595846,8.0
11.368909078972615,-28.93171580844953,-11.84199592244034,-10.958047490327964,-0.6883131042322137,-9.35954914682561,-0.1888818730506354,-2.2983207235517296,-5.663139738087662,-4.092152826004612,-1.3261973471958373,0.975454681280884,9.0
10.971006947392349,-23.89131194287125,-5.633087812867177,-5.357612259115899,-1.9512726140353915,-14.283029418373562,-3.72430664802702,-2.7518556284107687,-1.4448327030924428,0.7875793630614248,0.0867995943432409,1.3582966763940805,0.0
10.92659576709428,-29.15485324673148,-6.51945318502091,-10.68143855967908,-5.210750645300716,-10.849383215791526,-1.371856431012702,0.7639541986369642,0.8779322188536093,-1.346234972594499,-1.382429683063343,-0.4833666980782575,1.0
11.490321212782074,-30.774355938844803,-5.274392387331255,-7.447428394200594,-0.5256436646056433,-6.086039278276118,0.2592083425434685,-0.9048188957295028,-2.0193008366391294,-2.6694720581419595,-0.2705584217441976,0.8601678157094305,2.0
9.966561529600371,-34.59807948072017,-6.417001745598422,-11.86717973213384,-5.806270839821646,-10.63162302084718,-2.761483122505329,0.6150659818053082,2.4934848090840487,1.2983277539888167,0.3930162239348672,-0.8545705179661515,3.0
10.054177122054933,-24.9641721416126,-7.611133598101711,-7.950471573203852,-1.2400544190901546,-9.80271414591545,2.4736850379899127,4.405599559838783,0.9847828051280374,1.99675935663758,3.315043092963053,2.1991404271350263,4.0
12.716757097768996,-19.4453611363718,-5.010827186638839,-5.869268787296466,-0.1681230622069322,-9.594884548568626,2.5853335844205216,2.958936609820593,0.8677797532074599,1.6417710966369643,-1.1272258855872597,-0.4482982681636036,5.0
12.864363809176483,-30.60850239719212,-12.38297412411762,-2.3322954670202742,0.041445239442544,-11.783886830813628,4.725298109567224,-1.354375161859798,-3.431397765795311,-0.234006523062173,-2.014764925536677,-0.4918817186626619,6.0
11.98592302682265,-24.09622000281,-6.644836891302366,-7.905491082163782,-1.6721463315377356,-9.802798477606697,0.4762657835983366,-1.033550131666534,-1.6577815847476296,2.375398017941737,2.451320637896296,0.1619362154666777,7.0
11.600987194117952,-31.37921129722289,-6.637558109584345,-6.458719468290902,0.2838349308582766,-7.062312499325778,0.4140080631888878,-3.2833316793177816,-3.484963647197453,-2.481512597550949,-3.735261829894789,-2.5834967919549348,8.0
11.002998481644456,-24.67266659374724,-12.189869192919382,-8.709935689674055,-0.0804351272892256,-10.2733158949126,1.2227308779691697,-0.6261713296531771,-2.328015085371623,-0.6362957669197693,-0.6750170414929736,1.5496868635189602,9.0
11.544188681064464,-25.46834527417444,-6.029452248925039,-5.422013553758171,-2.076986725138713,-12.21724896026812,-2.211315042594378,-2.7349540512526693,-0.4698368842830732,1.5383944847499802,0.7304821925363151,1.432317792145287,0.0
10.513653394032252,-29.421860062289007,-6.744813936975317,-9.710318072737367,-3.5438529112638952,-9.901072497819348,-1.1472944333708763,1.3032783295396662,0.568641845974753,-2.076582598790337,-1.361763728921083,-0.1070163140430935,1.0
11.302120572095156,-31.0957431157802,-6.3972884350858665,-9.11399356575441,-2.346367755525073,-7.643380048960286,-0.3209599160415328,-1.2990945711418196,-1.1832226260857732,-1.7115436946937148,-0.3723930579885731,1.2622974274707957,2.0
11.108308998988296,-31.78589928019344,-6.247936264655085,-10.168175218810006,-5.0969793200190505,-12.603574255522371,-3.425544475356673,-0.0929653085636074,2.15936558951641,1.573308426331379,0.3003226155224954,-0.4124595699011918,3.0
10.251587691571666,-27.20063095013321,-8.762065193495387,-11.99255936069139,-4.698948514876285,-11.897269029764228,0.280846501296451,3.914917592359667,0.4182938786747494,-0.7971382385522053,1.9517550786246884,1.5015987311715495,4.0
11.372217517016896,-28.32813491091066,-8.912843528163739,-9.894827381730648,-1.8150040738557551,-10.057026031398124,-0.3583601877215082,2.295671006411288,0.1350007729599167,-2.658104856192469,-0.974610227457182,-0.4252070690295318,5.0
14.153174295169132,-30.959085537502272,-12.062639105143116,-4.810184182040244,1.5024788915297944,-12.841356327265904,1.8433049016611776,1.6746967544684108,-4.286333567031547,0.4397178360742769,2.626810137620031,-0.5421795156295017,6.0
10.484026731608196,-29.91848227822114,-8.139610596286522,-10.6331285863245,-2.5891364944346646,-8.99155886591355,-1.8535656726902143,-1.6887330663151094,-1.8463751360342733,1.2899476454735503,4.929576093810798,2.303268319880249,7.0
11.755300445721048,-27.50658386434105,-5.914358444450906,-5.053371317298146,1.22881758318623,-7.671208793140379,0.3338947084403094,-2.469821318119031,-3.442162267655492,-0.5135563465493371,-1.2713871723201435,-1.913436593804817,8.0
11.764127992836302,-24.85809881432281,-10.347631389887091,-8.078540768692715,0.9744958859119922,-9.143806068615463,0.7852311320597798,-1.5367743580537891,-4.269442847349706,-1.957028936802348,0.1848252420226973,1.326335483717908,9.0
10.642548662662374,-31.20338705507364,-5.340215635858264,-7.808969358322356,-2.830733998390309,-11.374444217320224,-4.706783181448922,-3.829368753647077,-2.162624610545122,-2.721616788330236,-2.3505908420548782,-0.3187338677688827,0.0
10.106987330887543,-29.485450432236373,-6.50873130186245,-10.777996725631413,-3.615644270909971,-9.44025094892878,-1.835775115408466,1.2898312103195877,1.723778446123681,-0.9668206457182744,-0.8715972026863493,-0.4022046570916183,1.0
10.89647804099223,-33.15472453212791,-5.819195248595525,-9.071885608061876,-2.5198098445673787,-7.900832181416174,-1.709029886114829,-1.9352998527833465,-1.9819180247959785,-2.0425527043502107,0.3178665311301504,-0.0317886050894551,2.0
10.80034742245264,-29.84492200207442,-6.61600257384249,-9.85916393558228,-4.796615083951617,-12.465746039069806,-2.554215977133543,1.0597658885327907,2.828313924740528,1.872601909331196,0.1506431012099233,-1.093744097168792,3.0
10.439449787697637,-30.964952281577272,-9.690722547357211,-13.176570045665986,-5.44306256479924,-10.62224102843656,-0.2001712194126528,1.3614200176812774,-0.6267961466227022,-0.8133083835494289,1.2873062966404765,0.6275950798362817,4.0
10.812825324917569,-29.26256395977204,-9.53065534461525,-11.145104990224748,-2.2879736747439234,-10.242978354086356,-0.8140166527220588,0.6097735645082585,-1.4735032889140929,-3.673828808863638,-2.8018454950261447,-0.892140424975365,5.0
16.342657774533073,-34.22838155416968,-11.633389334692607,-5.124782266523506,-1.138364676185693,-11.65247947252186,2.61737468322443,-1.7240210302080607,-2.479786905580882,1.9128130357575568,-0.9100933748062044,-1.355674516721611,6.0
11.096190863243304,-31.09587998130215,-8.410602968797235,-10.000361879496811,-2.5048309282197727,-9.432389210453737,-1.2581303573993086,-2.377782953299992,-2.0582062103109666,0.8546384086523293,2.848091689328799,1.6766984050240457,7.0
12.118261035608668,-27.76057530140875,-7.307850036701798,-6.379924869714778,0.7463973480588486,-7.693533533815537,0.4268656373142918,-3.1734350787172136,-4.459002670424871,-2.271744769401732,-2.871126254092821,-3.261124958842447,8.0
11.569658312438364,-26.095019307224234,-12.475348888879168,-8.827392185024781,1.074785441815801,-9.183828030375386,0.6117400280120422,-2.745203935903399,-4.282381888097957,-2.620009459237724,-3.561633251542029,-0.2744988557111186,9.0
10.87468160827208,-26.330886515620097,-6.440883836344897,-5.208434096941056,-0.616951274578232,-12.05082705258532,-2.851728202150699,-1.7225208995333914,-0.0893229208042256,0.7533455890842802,-0.4327984542811931,0.8178652972596362,0.0
10.931631555484634,-31.474901810659123,-6.411837213467966,-10.072027609654317,-4.637927025236153,-9.781546289829633,-0.4772039500387414,0.8916514795301096,1.8511643891160168,0.2286043433433012,-0.1989749051646536,0.153800326478721,1.0
12.206778406407745,-31.156602021792004,-4.196114222655914,-6.743259477928865,-1.3155723597100646,-7.503707522693444,-1.506771189971333,-1.7104244175511758,-1.3288498794380048,-1.548186979047187,0.6466874577779516,0.0549104398140604,2.0
10.501426570779298,-32.21497350276056,-7.7547842485430944,-12.6411879482745,-6.345019156202893,-11.202055146578475,-2.4499222165750103,0.4791054066204598,2.789868213710115,2.215674552650673,1.9991193438904304,0.4026637987878832,3.0
9.949008609815897,-27.695102526704144,-10.196378180666304,-14.094602673656814,-6.789991874348847,-12.47784139849634,-0.5370789196848568,2.583418454943059,-0.3111972661475874,-0.2602387898497738,3.130596943201449,2.2422145797597564,4.0
11.960291658203111,-28.440130374108293,-8.707645846177758,-10.105612905604229,-1.5083821628275935,-9.28921401326865,-1.1536163229278018,0.1861495605100333,-0.063761532106616,-2.104269640182563,-2.4330613450726166,0.4492899670878405,5.0
13.698421197334074,-32.04665039354161,-11.773711099047055,-1.2009108016594254,-0.829284890936111,-12.305435351128674,5.318833100322683,-2.0183622235856755,-2.6346756688180104,3.4258303098415595,0.9366808546470008,2.975221057488226,6.0
11.796095129739602,-32.095546246524805,-9.15578013078741,-12.244825545618871,-3.341941658592168,-10.420882285633509,-3.593819992291213,-2.820532460921949,-2.435121102311004,-1.8186714110161009,1.7032335569898676,2.6162565128090653,7.0
12.54130524071464,-30.58368076720148,-8.088218775179005,-7.435355640187265,-0.3937037166019646,-8.510453051541374,-0.3651495838068853,-3.1819653710738267,-3.20002585314894,-1.420826830761471,-1.5643755205903238,-0.9455368980697048,8.0
11.289801909200218,-29.83129046137929,-12.968690848649738,-12.405389792093972,0.2633593913219856,-8.101943830080218,-0.5332837965818611,-2.31173038537846,-5.683679525160743,-5.194114395347584,-1.845103871818952,1.2456322598259255,9.0
12.356769657742818,-25.06755981271544,-4.015118319058983,-5.292046338427064,-2.08859646457618,-13.824725723990923,-4.902450626359292,-3.082045274573177,-0.5210882720855662,1.7717007515111791,1.3893987609613967,1.8295426429116843,0.0
11.097111082411615,-27.77142989746245,-5.225948528082834,-9.920753412413305,-4.685984532773075,-10.73702008689746,-2.340921446616247,-0.6216568195014568,-0.8448863585818328,-2.551461266458227,-2.015301655703376,-0.4501898019479988,1.0
11.32440678604392,-28.36412830094998,-6.32524417040519,-8.607176344475478,-2.2858051735708496,-9.047037843961691,-1.455082221269415,-2.066468727803439,-5.000444586005679,-5.475438570638058,-1.600773395061818,1.183472841866116,2.0
11.118520219266632,-29.841414196604187,-6.243499022974471,-10.003222928911192,-5.8462931307326125,-12.35331053701927,-2.2901794191698266,0.1316738161592042,1.6819421844181803,1.4855478462574665,0.6830615248299184,-0.4799595942818755,3.0
10.549530639090673,-26.72201280047132,-8.912207212582343,-10.399969700372088,-4.424273765895447,-12.180152529832649,0.3152808267448364,2.192150928683014,-0.7099902809868134,-0.0257692423593324,2.7435062861824075,2.4219557644825205,4.0
12.094296709588866,-26.834874537712903,-7.254680450682954,-8.412879491563542,-1.8594386156558629,-11.038424815563788,0.1367643310382001,1.3787381149732716,-1.2311701838225384,-1.087928005118426,-1.5877356345760474,-0.5575165394470892,5.0
14.13429104128884,-31.34950391183652,-10.856066963938328,-3.008554237334388,0.6405368936436722,-12.443241845540491,3.869540636730041,-0.2068539221801034,-5.436306835309171,-0.7628971042709504,-1.3841396769875365,-1.8537171947550832,6.0
10.994219235116626,-27.762044362749137,-7.503450520233684,-8.88645492789434,-1.9346516368651003,-8.691343253083526,-1.7528171430284472,-6.164795210749263,-4.83247991018728,0.3089450234024118,1.6599082034391786,2.6740241237971207,7.0
12.657272967166584,-24.56885972291353,-4.634293375274445,-2.714469962163169,2.668729459251792,-7.1515132957912,-0.3557565230979188,-4.767937625787364,-4.9544328701684455,-1.0695813356176262,-1.839900876670585,-0.6627467030861094,8.0
11.600054070961482,-21.211410106872297,-9.791866930366888,-6.277024065740525,2.2900992752503035,-9.14175361730315,1.3356876071840302,-1.5519201916608416,-4.1787618935967785,-0.2231038915820903,1.0388047412127024,3.468078485965247,9.0
12.149087392910843,-29.38394792139283,-4.686400867316531,-7.334086085367886,-1.816265688443508,-11.616515675938052,-4.970976419796182,-2.332218092710039,-0.9774083100261624,-0.9311798205717636,1.7999442265031464,1.9269836725046507,0.0
11.221246369281545,-30.344077209337826,-6.489079575233911,-9.595614424644008,-3.632988485385639,-9.433437591217595,-1.1828350326364336,-0.0289287820873071,0.7904424505458918,-1.564589572389713,-2.082814646468518,0.1586122421248603,1.0
11.202390688468558,-32.88296353730146,-5.288287399969846,-7.489069256269581,-0.9400621173808388,-7.091651407506775,-1.944097274432809,-2.4869204021574203,-2.571512975648228,-2.8596913166425706,-0.601485315992851,0.319627544537086,2.0
10.336624283595803,-28.46410966142456,-6.150004827774072,-9.985125129250946,-5.034132609692597,-12.62819536576199,-2.125966087672487,2.313715330601863,4.294292647106302,2.4562513161374686,0.9588306027299772,1.7725651305125183,3.0
10.886762109582172,-28.698402440872385,-10.389261379360322,-12.28181346972914,-4.68883253467043,-11.45810199618296,1.5955520386143354,2.889601634007542,-1.1245688701050076,-1.2938296499735156,1.568534600373824,1.999576622424119,4.0
13.393058158549682,-29.95278674431982,-8.507689267670973,-9.860337889254629,-2.83409175010494,-9.234747779987446,-0.8983582719307799,-0.9588152795939524,-0.1332060481598641,-1.923247220975836,-3.583186688257608,-1.031967484122616,5.0
13.744473268479116,-26.41690773873312,-8.12984204659907,-1.289342023492325,2.367047628543045,-12.044797485411085,4.806399379364668,2.340700265321038,-8.183334686844608,-1.633546391057688,1.4785778212862948,-1.456616566222997,6.0
10.399865973965497,-29.22234886018813,-6.797607364157147,-11.878542166814205,-4.850017648145571,-10.432087130917049,-1.5436814351600483,-1.9691149987143604,-3.781827905225373,-1.6548013750194477,1.7853782912702,2.789105101730348,7.0
12.070161505847905,-25.4058319091857,-4.495534914758713,-4.288666592251685,1.0192746690335337,-7.072541468279607,1.0923798545264627,-2.1991507050818893,-2.5487679907746683,-0.3392502099584381,-1.0192747572262233,-0.102778302522919,8.0
12.14705815846419,-22.267175815068136,-11.128673080420302,-7.178370043880105,0.5127777114237013,-9.791294771250852,0.8323920797804887,-3.969350889615882,-5.131902368741407,0.0485988475305928,0.8258824118672441,4.545508952206312,9.0
11.938928267220856,-18.77792496870212,-4.973176946775769,-6.897986698734462,-2.0401878342601663,-13.910470519052554,-4.630993788979344,-3.9544006165517183,-2.0545143136657886,0.653606216123449,-1.052220419651504,-1.0228202467853766,0.0
11.06360367058028,-25.860994300294053,-9.65966195017679,-12.321325833486783,-3.85209374150789,-12.409143761715598,-2.111895423767123,-0.6011374742134891,-0.3340356083756826,-2.5566476098614594,-3.401617172492,-0.6134495194168359,1.0
11.119656346733576,-31.291193556269512,-5.231066869189211,-8.509096755471205,-2.605165599582999,-8.25150745987689,-0.3048142082072703,-0.3389151108775562,-2.1462492123060883,-3.1397568520287056,-1.2237019361735164,0.4892643867100744,2.0
10.351147415089311,-22.708879594571176,-7.276055645985276,-14.929383213319772,-7.402842522373541,-11.440223728590826,-2.1433901272001554,0.6641414486231134,1.4778463178156156,0.6746468842100019,0.6923277930456871,1.0229144769993466,3.0
18.15431009648524,-28.09576842588293,-12.353778376476834,-9.905350314328228,0.3375352054753847,-7.644571048857144,1.9308799983515588,-0.3243723354142911,0.2488771208738908,1.5618654454053569,2.14318377425147,1.239963355131415,4.0
14.774847935488156,-36.055498776287486,-7.009803715228696,-11.316238729048155,-4.285161897242453,-7.9159355137034,-0.4885394305754488,0.4633080296705933,0.6101229150521768,-0.875969965618496,0.9717649952308032,0.4159321647235158,5.0
14.591846323992147,-28.689313351106403,-9.439087817140772,-0.4846685300980641,-0.758347104048978,-12.70331462288156,5.178835255771036,-2.077929414381127,-5.525326969961019,1.91196274232444,-0.7867620496278442,-0.1899357950998489,6.0
10.37714717106106,-28.59940564611149,-10.267279769449171,-11.610798090503575,-2.8173349374136394,-9.29615727030567,-0.7646136094810614,-2.259349445403648,-2.47031632101587,1.9739327473811552,6.2193734492835935,3.7937054878938463,7.0
11.46309955275297,-29.390830566063524,-6.201758379348052,-5.413513018011077,0.5167367943783262,-8.098928699999698,-0.0753177500265322,-1.995069324519406,-3.079207093750464,-0.8815764750275946,0.117033401273158,0.3286338162856879,8.0
11.047280854996986,-25.64175540200497,-11.492388561982157,-8.97122547745844,-0.0869103590002185,-8.543462158281306,2.4898923170098874,-1.0513839990425629,-4.531359113668069,-1.438741200021023,0.6762951433236525,0.9728420593633,9.0
11.104850379971673,-27.15107960805417,-6.688109876095195,-7.318455428802976,-1.694562482174611,-13.993094312898874,-5.562810913259581,-2.461112726353332,-0.886304680718007,-0.6283964832412221,0.2906446144049712,1.291703936173654,0.0
10.59707940002578,-29.77973175008266,-6.273990073820039,-10.320394517791804,-4.38384148230071,-10.814451489226885,-2.4239353780180712,0.3362171795464683,0.1321268985809533,-2.291196478494699,-1.0124109138301929,0.3886047045949656,1.0
10.764683139175872,-31.798011683763,-5.8004605164016585,-8.022918552503082,-1.6072941297190106,-8.587647098981387,-2.3941637204136814,-1.8988647023301384,-1.7092768046764932,-1.964156280389428,0.4322890823589583,1.1570428718716566,2.0
9.658104077680475,-30.407683353435463,-5.439957687100717,-10.492257185845604,-5.549330519611345,-11.347605359826929,-3.1265878590325884,1.4043728311611792,3.8044734498815727,2.868618900421245,2.5753580008833783,1.0795433186060834,3.0
10.581151355014724,-28.54935790236337,-10.586136050016076,-11.848417329733028,-4.759876980498524,-12.889871112054797,0.1152600733366324,1.6513559705609464,-1.5192738576297538,-1.2064562404724215,1.633279836639045,3.050283901047008,4.0
13.360666555379652,-28.90879377556424,-8.218796458972358,-8.647477634230691,-0.0881285797039317,-8.181371444950482,-0.5255737789059572,1.3014518462020193,-0.893466476029193,-3.9586786874419952,-1.302145682574784,-0.1031073950640238,5.0
13.218590752630588,-30.01913746640829,-10.14184048885932,-2.882720409214317,1.775713431666294,-12.540176336782654,1.702835646876909,0.1712180525284717,-6.141297299874745,0.1115364305051333,2.6475145536696125,-1.8672811143054104,6.0
10.460359704778345,-26.01658603252476,-9.22665158454827,-10.11782961063854,-1.6126368023285642,-10.188454198624774,-3.06348042440529,-3.511628786700746,-5.00759322512651,-0.5937796297205901,4.596122412013763,2.1671942550711205,7.0
11.973398734557463,-23.291533275216803,-6.570387115406093,-5.68661326178943,0.2046984801952281,-11.298387278015989,-2.144305524534225,-2.1454015267112507,-4.980671918757181,-1.4718476390443216,1.41850250278591,0.2299432859740613,8.0
12.115122839375271,-17.74718728438735,-10.025022581838416,-7.069473267194616,0.1387027676375101,-11.811617095205646,0.6538735567284852,-1.9932718136556875,-4.654629889505735,-0.4393545653724619,-1.2954952464342828,-0.5984942771986784,9.0
